Operator_ID,L_Skill,L_Risk_Propensity,L_Idle_Habit,L_Idle_SD,L_Speed_Factor,L_Speed_SD,L_Fuel_Habit,L_Smoothness,L_Harsh_Rate,L_Seatbelt_Compliance,L_Awareness
OP1000,0.5584,0.4037,15.5783,1.7963,1.0607,0.0931,0.9012,75.416,1.9872,0.95,0.7251
OP1001,0.4571,0.6971,12.6144,1.7348,1.0483,0.0971,1.0406,68.3364,3.0772,0.8859,0.5566
OP1002,0.6699,0.3256,26.7963,3.1949,1.0958,0.0839,1.0695,73.8543,1.024,0.9344,0.761
OP1003,0.2524,0.353,22.6012,3.5838,1.1038,0.0868,0.9524,64.863,2.5773,0.9489,0.654
OP1004,0.3964,0.26,45.0,5.5791,0.9959,0.0621,1.0232,80.6482,1.868,0.944,0.6649
OP1005,0.3482,0.2226,23.1686,3.2697,1.0644,0.0978,0.9474,72.0057,2.0081,0.9761,0.7091
OP1006,0.6321,0.1461,22.9067,2.3226,0.9763,0.0757,0.9418,84.6331,0.9017,0.952,0.9042
OP1007,0.66,0.3,21.5,2.4,1.0,0.07,1.0,84.0,0.9,0.99,0.72
OP1008,0.6232,0.3352,26.6184,4.0595,1.0661,0.0832,0.9651,83.8074,1.7266,0.9316,0.7059
OP1009,0.554,0.4104,24.8911,3.4005,1.0262,0.0602,1.0349,67.9608,1.957,0.9244,0.6019
OP1010,0.6785,0.3464,30.9953,3.9251,0.9992,0.0615,0.8835,75.4841,1.7225,0.9654,0.6877
OP1011,0.6672,0.2174,16.6643,2.6022,1.1142,0.0872,1.0978,85.1802,1.6141,0.9715,0.6736
OP1012,0.5082,0.5078,17.173,2.5972,0.7944,0.0825,1.0534,69.311,1.8184,0.9583,0.6985
OP1013,0.4647,0.4886,16.9124,2.0182,0.8929,0.0611,1.0069,76.0662,2.5072,0.9717,0.7752
OP1014,0.6824,0.3121,26.3775,3.4996,0.8718,0.0897,1.0274,81.7922,1.5635,0.9269,0.9021
OP1015,0.7567,0.222,33.7899,4.3721,0.9317,0.0941,0.8973,80.0889,1.1961,0.9598,0.7238
OP1016,0.5448,0.446,17.0328,2.3494,0.9985,0.0799,1.0814,69.7995,1.6935,0.908,0.7375
OP1017,0.4003,0.41,17.2371,2.0693,0.8643,0.0786,0.9953,58.8119,2.2705,0.9202,0.7499
OP1018,0.6068,0.1173,22.3239,2.5595,0.8433,0.0602,0.9688,82.9888,0.5616,0.9583,0.7993
OP1019,0.4948,0.3549,18.3516,2.8401,0.9151,0.0915,0.9762,73.9383,2.0557,0.9213,0.7041
OP1020,0.4734,0.4109,27.9091,4.338,1.261,0.0732,0.9764,71.0192,1.6862,0.9147,0.5044
OP1021,0.6046,0.2054,9.094,1.3695,1.144,0.0952,1.0299,86.3923,1.4012,0.9575,0.821
OP1022,0.7842,0.3527,14.9751,2.3764,0.9595,0.0749,1.0064,91.1084,1.511,0.9183,0.7275
OP1023,0.4589,0.1384,15.209,2.2007,0.9107,0.0826,1.0292,76.9069,1.6877,0.9852,0.7842
OP1024,0.4299,0.5893,8.8783,1.2952,0.9449,0.0708,1.0271,58.8704,2.5127,0.8959,0.4513
OP1025,0.6989,0.5348,14.2743,2.0806,0.8554,0.0664,1.0406,81.7278,1.9249,0.977,0.749
OP1026,0.4406,0.3335,14.5186,1.8705,0.9842,0.091,0.9815,75.1767,1.7783,0.936,0.7648
OP1027,0.7909,0.3795,18.6407,2.3746,0.9076,0.0799,1.1266,87.2841,1.9179,0.9409,0.7419
OP1028,0.5476,0.02,29.526,3.3782,0.909,0.0815,0.8821,87.4291,1.127,0.9567,0.7601
OP1029,0.6811,0.1528,18.3561,2.5458,0.7907,0.0986,1.0558,81.5268,1.0684,0.999,0.6788
OP1030,0.3912,0.3343,13.9426,1.6363,0.9199,0.0985,1.0913,78.9952,1.9073,0.9673,0.6414
OP1031,0.4478,0.2013,19.6053,2.2638,0.9777,0.0942,0.9446,72.0474,1.1741,0.9668,0.6921
OP1032,0.4523,0.4865,28.874,3.9025,1.0707,0.0675,1.1521,73.3599,2.3705,0.8997,0.5023
OP1033,0.4977,0.6849,14.2129,1.7709,1.1255,0.0838,1.0916,61.4618,2.275,0.907,0.6014
OP1034,0.5785,0.165,14.5419,1.6451,0.8217,0.0951,1.0445,78.1198,1.5062,0.9428,0.7694
OP1035,0.8117,0.1843,24.3182,3.6225,1.044,0.075,0.9778,96.8475,1.1188,0.9921,0.8049
OP1036,0.6935,0.3736,18.5078,2.8064,0.9259,0.064,0.9842,81.2232,2.2987,0.9563,0.7236
OP1037,0.4918,0.624,25.0871,2.7611,1.1318,0.0924,1.0148,72.5525,2.2948,0.912,0.6728
OP1038,0.4947,0.1702,19.9047,1.9994,0.954,0.0793,1.0143,79.3296,1.4063,0.9158,0.818
OP1039,0.5207,0.4017,25.5673,3.0724,0.8753,0.0826,1.0922,74.3727,2.4291,0.9171,0.6772
OP1040,0.7217,0.6232,13.9218,2.0583,1.0367,0.0993,1.0266,83.861,2.5897,0.924,0.729
OP1041,0.4739,0.1046,19.9156,2.9943,0.9752,0.0843,0.932,77.9152,1.1189,0.9967,0.6948
OP1042,0.6641,0.1354,18.5782,2.012,1.0076,0.077,1.0291,78.7342,1.1976,0.9909,0.8541
OP1043,0.6865,0.2693,13.0681,1.9139,0.9657,0.0748,1.0445,80.86,1.4499,0.9208,0.8187
OP1044,0.736,0.2463,11.5712,1.2374,1.1273,0.0767,1.0242,88.7189,1.403,0.9615,0.7983
OP1045,0.5882,0.4818,25.4253,3.1376,1.1337,0.0647,1.0559,77.4736,1.924,0.9475,0.7174
OP1046,0.4112,0.417,17.6882,2.8286,0.9911,0.0918,0.9985,63.8412,2.1267,0.9018,0.5753
OP1047,0.8456,0.0292,13.9843,1.56,0.9948,0.0935,0.9063,92.3454,0.2586,0.9813,1.0
OP1048,0.5494,0.4401,19.338,2.1124,1.2159,0.0714,0.9576,72.8492,2.0746,0.9377,0.7279
OP1049,0.6632,0.2481,29.6819,3.7212,1.1706,0.0722,0.8906,82.1045,1.5369,0.9492,0.5727
OP1050,0.7484,0.5317,9.0022,1.2349,0.9226,0.095,1.0213,75.799,1.9742,0.8842,0.8219
OP1051,0.5913,0.2509,11.845,1.8475,0.8826,0.061,0.9875,78.12,1.1139,0.9484,0.5323
OP1052,0.6101,0.2466,14.4793,2.3,1.1226,0.0808,0.9648,78.5587,1.7315,0.9489,0.7361
OP1053,0.3177,0.4789,33.3529,3.4747,0.9264,0.0785,0.85,68.215,2.5072,0.9246,0.6575
OP1054,0.6859,0.4592,22.0792,2.3907,0.895,0.0876,0.9296,83.4894,1.7434,0.9186,0.7053
OP1055,0.7236,0.4032,26.1616,3.8574,0.9647,0.0665,1.0653,82.2964,1.6695,0.9278,0.6509
OP1056,0.4851,0.0975,13.4191,1.5598,0.9789,0.0867,0.9457,77.8832,0.8866,0.9725,0.7075
OP1057,0.5843,0.4384,13.5163,2.0692,1.0119,0.0751,1.0295,77.1623,1.7386,0.9412,0.7805
OP1058,0.7491,0.1621,23.3937,3.2706,0.888,0.0847,0.8941,85.4565,0.9719,0.9595,0.7211
OP1059,0.75,0.3651,20.4121,2.1782,0.9364,0.0616,1.08,80.1087,1.92,0.933,0.8842
OP1060,0.7319,0.1024,24.2348,3.6341,0.8669,0.0785,0.965,85.4657,0.8179,0.9746,0.8874
OP1061,0.7214,0.4032,18.7285,2.071,0.9253,0.0809,1.0156,80.2543,1.9023,0.8982,0.6719
OP1062,0.5546,0.2278,22.0449,2.7646,1.1976,0.0686,1.132,74.976,1.3693,0.9672,0.7241
OP1063,0.7828,0.1174,21.138,2.8141,0.9716,0.0656,1.0632,91.6133,1.016,0.9709,0.8248
OP1064,0.5113,0.4775,26.2575,3.4147,1.1206,0.0675,0.9962,75.8219,2.1448,0.9285,0.7228
OP1065,0.5522,0.3958,26.5276,3.7449,0.9626,0.0738,0.9705,69.8229,2.1452,0.9567,0.7611
OP1066,0.4924,0.2679,11.345,1.5788,0.9609,0.0639,0.9793,76.4384,1.5452,0.9138,0.5923
OP1067,0.5347,0.592,9.1083,1.453,0.9891,0.0979,1.0532,70.6668,2.0453,0.8745,0.5848
OP1068,0.6844,0.2668,28.3987,4.5428,0.75,0.0762,0.9828,85.4071,1.1003,0.9585,0.738
OP1069,0.5732,0.3592,30.3087,3.9701,0.8645,0.0924,0.9784,77.6923,1.6771,0.9418,0.8291
OP1070,0.5946,0.3938,13.9924,1.4792,0.8299,0.099,1.0918,72.0927,1.5588,0.9411,0.6123
OP1071,0.2893,0.2975,10.4311,1.4986,0.7619,0.0632,1.0045,62.5747,2.099,0.9401,0.7651
OP1072,0.1294,0.496,20.7054,3.2839,0.917,0.0861,1.1732,57.3755,2.5682,0.9388,0.4907
OP1073,0.5663,0.2697,27.7026,3.2994,1.1124,0.0949,1.0007,83.3745,2.1883,0.9713,0.6657
OP1074,0.8746,0.2429,37.5206,4.7904,0.9688,0.0854,1.0848,83.2685,0.7234,0.9655,0.8385
OP1075,0.6544,0.5599,23.9612,3.0068,1.1815,0.0772,1.0355,78.3612,2.2653,0.9126,0.6137
OP1076,0.5809,0.1864,17.5601,1.8102,1.0002,0.0772,1.0456,86.2689,1.0868,0.9205,0.6959
OP1077,0.696,0.02,14.6309,2.0532,0.9958,0.0614,0.9253,88.8278,0.6915,0.998,0.918
OP1078,0.5997,0.6078,20.0803,2.4337,0.9744,0.0814,0.9694,76.0316,2.4352,0.9365,0.5385
OP1079,0.656,0.7495,18.0111,2.6521,1.1523,0.0997,1.0567,70.4367,2.1052,0.908,0.4282
OP1080,0.6895,0.2717,14.0196,2.1019,1.0533,0.0983,1.0486,83.6693,1.5111,0.9348,0.7767
OP1081,0.5971,0.0405,40.9682,6.1155,0.865,0.0616,0.9778,78.5914,1.4605,0.9936,0.7184
OP1082,0.683,0.2879,37.3578,4.6697,1.0404,0.0882,0.9137,74.1865,1.3867,0.9677,0.7379
OP1083,0.5794,0.3073,29.7655,3.5508,1.0459,0.0721,0.916,82.7991,1.738,0.9793,0.6761
OP1084,0.6852,0.3068,14.4897,2.1,0.9343,0.0961,0.9067,79.3316,1.8011,0.9307,0.7217
OP1085,0.3557,0.2085,26.9771,3.9949,0.8523,0.0618,0.8948,70.2366,1.6534,0.9555,0.859
OP1086,0.821,0.4096,25.0181,3.2392,0.8965,0.0974,1.0003,81.1009,1.4936,0.9508,0.8091
OP1087,0.5975,0.4343,23.3506,3.5862,1.0297,0.0935,1.0744,71.5742,1.3998,0.934,0.7249
OP1088,0.5954,0.1116,30.973,3.3647,0.9731,0.0647,0.9804,82.8897,1.3247,0.9493,0.6914
OP1089,0.6496,0.4544,24.9809,3.8157,0.9469,0.0624,0.8702,75.9781,1.9282,0.9388,0.6658
OP1090,0.803,0.648,25.9128,2.7407,1.0772,0.0934,1.0022,82.6702,2.0033,0.9188,0.7192
OP1091,0.7644,0.3529,24.9943,2.7297,1.0578,0.0662,0.9822,87.3301,1.5965,0.9444,0.7227
OP1092,0.4332,0.321,22.5336,2.9751,1.0546,0.0814,1.1318,74.1899,1.7369,0.9509,0.7575
OP1093,0.4638,0.3477,10.7131,1.1147,1.1546,0.0966,0.9192,74.5507,1.7807,0.9381,0.5902
OP1094,0.8579,0.4098,20.594,2.1247,1.1426,0.0827,0.9684,94.4303,1.7465,0.9654,0.7963
OP1095,0.4007,0.103,16.4622,1.6467,0.8381,0.0759,1.0926,71.6963,1.0421,0.9546,0.7122
OP1096,0.4741,0.3952,12.7788,1.6124,1.1797,0.0778,1.0369,72.842,2.2808,0.9258,0.6847
OP1097,0.7868,0.2595,36.0306,5.2777,0.9243,0.0625,1.0172,92.8121,0.9552,0.9541,0.7997
OP1098,0.5459,0.6538,36.6305,3.7396,1.1804,0.0988,1.0339,75.8167,2.4137,0.9241,0.5752
OP1099,0.5526,0.3292,32.1837,4.4779,1.0016,0.0724,1.0205,71.8333,2.2407,0.9155,0.7105
OP1100,0.5536,0.6238,21.8687,3.2669,1.0272,0.0676,1.0709,70.4174,2.7771,0.8839,0.5532
OP1101,0.6456,0.1666,32.087,3.5321,0.7734,0.0714,0.9345,89.9253,1.2661,0.9243,0.8704
OP1102,0.3285,0.4847,20.0846,2.1854,1.0165,0.0986,1.077,67.479,2.1824,0.9275,0.5966
OP1103,0.6587,0.3923,21.4712,3.2561,0.8546,0.0638,0.9181,81.2824,1.658,0.9156,0.7395
OP1104,0.4657,0.2311,13.6401,2.0377,1.067,0.0947,1.0169,75.1348,1.6372,0.9496,0.6994
OP1105,0.6375,0.3728,22.9813,3.0413,1.1574,0.0883,1.0107,78.5109,1.7762,0.9535,0.8096
OP1106,0.4651,0.5642,20.4272,3.0468,0.9739,0.0932,0.9869,70.472,2.4298,0.9045,0.5815
OP1107,0.318,0.3405,12.6772,1.3383,1.0278,0.099,1.012,66.9023,2.0619,0.9488,0.6065
OP1108,0.1368,0.1488,19.6448,2.4295,0.8772,0.0937,0.9697,64.3263,1.7542,0.9612,0.6436
OP1109,0.5972,0.3476,19.4496,2.806,0.9366,0.0977,0.9356,79.2507,1.3919,0.9567,0.8756
OP1110,0.6236,0.2021,37.5202,4.3316,1.0405,0.0651,0.9658,80.1903,1.2277,0.9703,0.7014
OP1111,0.7134,0.2782,27.3497,3.9695,0.9782,0.0918,0.9223,87.0996,1.6681,0.9378,0.8757
OP1112,0.4344,0.3618,20.0803,2.6155,1.1769,0.0818,1.0286,83.7964,1.6411,0.9382,0.5176
OP1113,0.543,0.0856,21.8196,3.1642,0.8857,0.0817,0.9127,74.8989,1.1151,0.9956,0.8403
OP1114,0.6046,0.0908,20.3119,2.5975,1.0351,0.096,1.0218,85.6652,0.8965,0.982,0.9715
OP1115,0.3905,0.4586,18.6289,2.2741,1.0369,0.0989,0.9483,65.4066,2.3057,0.902,0.6519
OP1116,0.5016,0.2811,13.693,1.5494,1.0624,0.0882,0.9654,78.7504,1.6038,0.9644,0.7418
OP1117,0.738,0.02,18.9701,2.1342,0.8728,0.0793,0.9292,91.3074,1.1337,0.9609,0.8824
OP1118,0.4083,0.5043,15.4035,2.2349,1.0336,0.0783,1.1014,71.2909,2.4976,0.9527,0.6041
OP1119,0.4678,0.4134,12.9115,1.3833,1.0043,0.0755,1.0315,77.1441,1.7443,0.9559,0.6416
